Rostros/Andres-2015-11-25.13:46:57.jpg,0,Andres
Rostros/Andres-2015-11-25.13:48:53.jpg,0,Andres
Rostros/-2015-11-25.13:54:50.jpg,0,
Rostros/Andres-2015-11-25.13:54:57.jpg,2,Andres
Rostros/Andres-2015-11-25.13:55:11.jpg,2,Andres
Rostros/Andres-2015-11-25.13:55:12.jpg,2,Andres
Rostros/Andres-2015-11-25.13:55:17.jpg,1,Andres
Rostros/Ivette-2015-11-25.14:02:47.jpg,4,Ivette
Rostros/Alvaro-2015-11-25.14:03:12.jpg,5,Alvaro
Rostros/Andres-2015-11-25.17:46:15.jpg,6,Andres
Rostros/Andres -2015-11-25.17:49:21.jpg,1,Andres 
Rostros/Andres -2015-11-25.17:49:47.jpg,7,Andres 
